Tip (ET),Tip short,Tip dt (ET),Tip dt (UTC),Local date,Day,Matchup,Away team,Home team,Away logo,Home logo,Home spread,|spread|,Home spread effective,|spread effective|,Home spread close,Minutes remaining,a_close(t),a_live(t),Record (away),Record (home),Spread source,Spread mode,Win% (away raw),Win% (home raw),Adj win% (away),Adj win% (home),Adj win% (away) pre-star,Adj win% (home) pre-star,Avg adj win% pre-star,Avg adj win% post-star,Health (away),Health (home),Star factor (away),Star factor (home),Away Star Player,Home Star Player,Away Star Raw,Home Star Raw,Team quality pre-star,Team Quality bump (away),Team Quality bump (home),Away Star Factor,Home Star Factor,Away Key Injuries,Home Key Injuries,Away injuries detail JSON,Home injuries detail JSON,Team quality,Team Quality,Closeness,Competitiveness,Uavg,aWI,Region,Status,Is live,ESPN game id,Away score,Home score,Time remaining,Tip display,Where to watch URL,Where to watch provider,Forecast
Sat 07:00 PM,Sat 7PM,2026-10-03 19:00:00-04:00,2026-10-03 23:00:00+00:00,2026-10-03,Saturday,Miami Heat @ Toronto Raptors,Miami Heat,Toronto Raptors,https://a.espncdn.com/i/teamlogos/nba/500/MIA.png,https://a.espncdn.com/i/teamlogos/nba/500/TOR.png,-2.0,2.0,-2.0,2.0,,,0.0,1.0,0-0,0-0,forecast_model,forecast,0.0,0.0,0.02,0.02,0.0,0.0,0.0,0.02,0.92,0.92,0.02,0.02,,,0.0,0.0,0.1,2.0,2.0,,,,,[],[],0.1,0.1,0.9063956551818755,0.9063956551818755,0.12553249431039726,12.553249431039726,Hard Skip,pre,False,401902644,0,0,,Sat 7PM ET,,League Pass,True
Sun 07:00 PM,Sun 7PM,2026-10-04 19:00:00-04:00,2026-10-04 23:00:00+00:00,2026-10-04,Sunday,Utah Jazz @ Denver Nuggets,Utah Jazz,Denver Nuggets,https://a.espncdn.com/i/teamlogos/nba/500/UTAH.png,https://a.espncdn.com/i/teamlogos/nba/500/DEN.png,-2.0,2.0,-2.0,2.0,,,0.0,1.0,0-0,0-0,forecast_model,forecast,0.0,0.0,0.02,0.02,0.0,0.0,0.0,0.02,0.92,0.92,0.02,0.02,,,0.0,0.0,0.1,2.0,2.0,,,,,[],[],0.1,0.1,0.9063956551818755,0.9063956551818755,0.12553249431039726,12.553249431039726,Hard Skip,pre,False,401914127,0,0,,Sun 7PM ET,,League Pass,True
Sun 07:00 PM,Sun 7PM,2026-10-04 19:00:00-04:00,2026-10-04 23:00:00+00:00,2026-10-04,Sunday,Golden State Warriors @ LA Clippers,Golden State Warriors,LA Clippers,https://a.espncdn.com/i/teamlogos/nba/500/GSW.png,https://a.espncdn.com/i/teamlogos/nba/500/LAC.png,-2.0,2.0,-2.0,2.0,,,0.0,1.0,0-0,0-0,forecast_model,forecast,0.0,0.0,0.02,0.02,0.0,0.0,0.0,0.02,0.92,0.92,0.02,0.02,,,0.0,0.0,0.1,2.0,2.0,,,,,[],[],0.1,0.1,0.9063956551818755,0.9063956551818755,0.12553249431039726,12.553249431039726,Hard Skip,pre,False,401918010,0,0,,Sun 7PM ET,,League Pass,True
Mon 07:00 PM,Mon 7PM,2026-10-05 19:00:00-04:00,2026-10-05 23:00:00+00:00,2026-10-05,Monday,Memphis Grizzlies @ Atlanta Hawks,Memphis Grizzlies,Atlanta Hawks,https://a.espncdn.com/i/teamlogos/nba/500/MEM.png,https://a.espncdn.com/i/teamlogos/nba/500/ATL.png,-2.0,2.0,-2.0,2.0,,,0.0,1.0,0-0,0-0,forecast_model,forecast,0.0,0.0,0.02,0.02,0.0,0.0,0.0,0.02,0.92,0.92,0.02,0.02,,,0.0,0.0,0.1,2.0,2.0,,,,,[],[],0.1,0.1,0.9063956551818755,0.9063956551818755,0.12553249431039726,12.553249431039726,Hard Skip,pre,False,401898388,0,0,,Mon 7PM ET,,League Pass,True
Mon 07:00 PM,Mon 7PM,2026-10-05 19:00:00-04:00,2026-10-05 23:00:00+00:00,2026-10-05,Monday,Phoenix Suns @ Detroit Pistons,Phoenix Suns,Detroit Pistons,https://a.espncdn.com/i/teamlogos/nba/500/PHX.png,https://a.espncdn.com/i/teamlogos/nba/500/DET.png,-2.0,2.0,-2.0,2.0,,,0.0,1.0,0-0,0-0,forecast_model,forecast,0.0,0.0,0.02,0.02,0.0,0.0,0.0,0.02,0.92,0.92,0.02,0.02,,,0.0,0.0,0.1,2.0,2.0,,,,,[],[],0.1,0.1,0.9063956551818755,0.9063956551818755,0.12553249431039726,12.553249431039726,Hard Skip,pre,False,401908947,0,0,,Mon 7PM ET,,League Pass,True
Mon 07:00 PM,Mon 7PM,2026-10-05 19:00:00-04:00,2026-10-05 23:00:00+00:00,2026-10-05,Monday,New York Knicks @ Philadelphia 76ers,New York Knicks,Philadelphia 76ers,https://a.espncdn.com/i/teamlogos/nba/500/NYK.png,https://a.espncdn.com/i/teamlogos/nba/500/PHI.png,-2.0,2.0,-2.0,2.0,,,0.0,1.0,0-0,0-0,forecast_model,forecast,0.0,0.0,0.02,0.02,0.0,0.0,0.0,0.02,0.92,0.92,0.02,0.02,,,0.0,0.0,0.1,2.0,2.0,,,,,[],[],0.1,0.1,0.9063956551818755,0.9063956551818755,0.12553249431039726,12.553249431039726,Hard Skip,pre,False,401914101,0,0,,Mon 7PM ET,,League Pass,True
Mon 08:00 PM,Mon 8PM,2026-10-05 20:00:00-04:00,2026-10-06 00:00:00+00:00,2026-10-05,Monday,Minnesota Timberwolves @ Milwaukee Bucks,Minnesota Timberwolves,Milwaukee Bucks,https://a.espncdn.com/i/teamlogos/nba/500/MIN.png,https://a.espncdn.com/i/teamlogos/nba/500/MIL.png,-2.0,2.0,-2.0,2.0,,,0.0,1.0,0-0,0-0,forecast_model,forecast,0.0,0.0,0.02,0.02,0.0,0.0,0.0,0.02,0.92,0.92,0.02,0.02,,,0.0,0.0,0.1,2.0,2.0,,,,,[],[],0.1,0.1,0.9063956551818755,0.9063956551818755,0.12553249431039726,12.553249431039726,Hard Skip,pre,False,401914102,0,0,,Mon 8PM ET,,League Pass,True
Mon 10:00 PM,Mon 10PM,2026-10-05 22:00:00-04:00,2026-10-06 02:00:00+00:00,2026-10-05,Monday,Los Angeles Lakers @ Sacramento Kings,Los Angeles Lakers,Sacramento Kings,https://a.espncdn.com/i/teamlogos/nba/500/LAL.png,https://a.espncdn.com/i/teamlogos/nba/500/SAC.png,-2.0,2.0,-2.0,2.0,,,0.0,1.0,0-0,0-0,forecast_model,forecast,0.0,0.0,0.02,0.02,0.0,0.0,0.0,0.02,0.92,0.92,0.02,0.02,,,0.0,0.0,0.1,2.0,2.0,,,,,[],[],0.1,0.1,0.9063956551818755,0.9063956551818755,0.12553249431039726,12.553249431039726,Hard Skip,pre,False,401898716,0,0,,Mon 10PM ET,,League Pass,True
Tue 07:00 PM,Tue 7PM,2026-10-06 19:00:00-04:00,2026-10-06 23:00:00+00:00,2026-10-06,Tuesday,Brooklyn Nets @ Charlotte Hornets,Brooklyn Nets,Charlotte Hornets,https://a.espncdn.com/i/teamlogos/nba/500/BKN.png,https://a.espncdn.com/i/teamlogos/nba/500/CHA.png,-2.0,2.0,-2.0,2.0,,,0.0,1.0,0-0,0-0,forecast_model,forecast,0.0,0.0,0.02,0.02,0.0,0.0,0.0,0.02,0.92,0.92,0.02,0.02,,,0.0,0.0,0.1,2.0,2.0,,,,,[],[],0.1,0.1,0.9063956551818755,0.9063956551818755,0.12553249431039726,12.553249431039726,Hard Skip,pre,False,401901820,0,0,,Tue 7PM ET,,League Pass,True
Tue 08:00 PM,Tue 8PM,2026-10-06 20:00:00-04:00,2026-10-07 00:00:00+00:00,2026-10-06,Tuesday,New Orleans Pelicans @ Oklahoma City Thunder,New Orleans Pelicans,Oklahoma City Thunder,https://a.espncdn.com/i/teamlogos/nba/500/NO.png,https://a.espncdn.com/i/teamlogos/nba/500/OKC.png,-2.0,2.0,-2.0,2.0,,,0.0,1.0,0-0,0-0,forecast_model,forecast,0.0,0.0,0.02,0.02,0.0,0.0,0.0,0.02,0.92,0.92,0.02,0.02,,,0.0,0.0,0.1,2.0,2.0,,,,,[],[],0.1,0.1,0.9063956551818755,0.9063956551818755,0.12553249431039726,12.553249431039726,Hard Skip,pre,False,401898389,0,0,,Tue 8PM ET,,League Pass,True
Tue 09:00 PM,Tue 9PM,2026-10-06 21:00:00-04:00,2026-10-07 01:00:00+00:00,2026-10-06,Tuesday,Denver Nuggets @ Utah Jazz,Denver Nuggets,Utah Jazz,https://a.espncdn.com/i/teamlogos/nba/500/DEN.png,https://a.espncdn.com/i/teamlogos/nba/500/UTAH.png,-2.0,2.0,-2.0,2.0,,,0.0,1.0,0-0,0-0,forecast_model,forecast,0.0,0.0,0.02,0.02,0.0,0.0,0.0,0.02,0.92,0.92,0.02,0.02,,,0.0,0.0,0.1,2.0,2.0,,,,,[],[],0.1,0.1,0.9063956551818755,0.9063956551818755,0.12553249431039726,12.553249431039726,Hard Skip,pre,False,401914128,0,0,,Tue 9PM ET,,League Pass,True
Tue 10:00 PM,Tue 10PM,2026-10-06 22:00:00-04:00,2026-10-07 02:00:00+00:00,2026-10-06,Tuesday,Los Angeles Lakers @ Golden State Warriors,Los Angeles Lakers,Golden State Warriors,https://a.espncdn.com/i/teamlogos/nba/500/LAL.png,https://a.espncdn.com/i/teamlogos/nba/500/GSW.png,-2.0,2.0,-2.0,2.0,,,0.0,1.0,0-0,0-0,forecast_model,forecast,0.0,0.0,0.02,0.02,0.0,0.0,0.0,0.02,0.92,0.92,0.02,0.02,,,0.0,0.0,0.1,2.0,2.0,,,,,[],[],0.1,0.1,0.9063956551818755,0.9063956551818755,0.12553249431039726,12.553249431039726,Hard Skip,pre,False,401898390,0,0,,Tue 10PM ET,,League Pass,True
Wed 07:00 PM,Wed 7PM,2026-10-07 19:00:00-04:00,2026-10-07 23:00:00+00:00,2026-10-07,Wednesday,Minnesota Timberwolves @ Indiana Pacers,Minnesota Timberwolves,Indiana Pacers,https://a.espncdn.com/i/teamlogos/nba/500/MIN.png,https://a.espncdn.com/i/teamlogos/nba/500/IND.png,-2.0,2.0,-2.0,2.0,,,0.0,1.0,0-0,0-0,forecast_model,forecast,0.0,0.0,0.02,0.02,0.0,0.0,0.0,0.02,0.92,0.92,0.02,0.02,,,0.0,0.0,0.1,2.0,2.0,,,,,[],[],0.1,0.1,0.9063956551818755,0.9063956551818755,0.12553249431039726,12.553249431039726,Hard Skip,pre,False,401914123,0,0,,Wed 7PM ET,,League Pass,True
Wed 08:00 PM,Wed 8PM,2026-10-07 20:00:00-04:00,2026-10-08 00:00:00+00:00,2026-10-07,Wednesday,Orlando Magic @ Memphis Grizzlies,Orlando Magic,Memphis Grizzlies,https://a.espncdn.com/i/teamlogos/nba/500/ORL.png,https://a.espncdn.com/i/teamlogos/nba/500/MEM.png,-2.0,2.0,-2.0,2.0,,,0.0,1.0,0-0,0-0,forecast_model,forecast,0.0,0.0,0.02,0.02,0.0,0.0,0.0,0.02,0.92,0.92,0.02,0.02,,,0.0,0.0,0.1,2.0,2.0,,,,,[],[],0.1,0.1,0.9063956551818755,0.9063956551818755,0.12553249431039726,12.553249431039726,Hard Skip,pre,False,401898391,0,0,,Wed 8PM ET,,League Pass,True
Wed 08:00 PM,Wed 8PM,2026-10-07 20:00:00-04:00,2026-10-08 00:00:00+00:00,2026-10-07,Wednesday,Milwaukee Bucks @ Oklahoma City Thunder,Milwaukee Bucks,Oklahoma City Thunder,https://a.espncdn.com/i/teamlogos/nba/500/MIL.png,https://a.espncdn.com/i/teamlogos/nba/500/OKC.png,-2.0,2.0,-2.0,2.0,,,0.0,1.0,0-0,0-0,forecast_model,forecast,0.0,0.0,0.02,0.02,0.0,0.0,0.0,0.02,0.92,0.92,0.02,0.02,,,0.0,0.0,0.1,2.0,2.0,,,,,[],[],0.1,0.1,0.9063956551818755,0.9063956551818755,0.12553249431039726,12.553249431039726,Hard Skip,pre,False,401908620,0,0,,Wed 8PM ET,,League Pass,True
Wed 08:00 PM,Wed 8PM,2026-10-07 20:00:00-04:00,2026-10-08 00:00:00+00:00,2026-10-07,Wednesday,Phoenix Suns @ Chicago Bulls,Phoenix Suns,Chicago Bulls,https://a.espncdn.com/i/teamlogos/nba/500/PHX.png,https://a.espncdn.com/i/teamlogos/nba/500/CHI.png,-2.0,2.0,-2.0,2.0,,,0.0,1.0,0-0,0-0,forecast_model,forecast,0.0,0.0,0.02,0.02,0.0,0.0,0.0,0.02,0.92,0.92,0.02,0.02,,,0.0,0.0,0.1,2.0,2.0,,,,,[],[],0.1,0.1,0.9063956551818755,0.9063956551818755,0.12553249431039726,12.553249431039726,Hard Skip,pre,False,401908939,0,0,,Wed 8PM ET,,League Pass,True
Wed 10:00 PM,Wed 10PM,2026-10-07 22:00:00-04:00,2026-10-08 02:00:00+00:00,2026-10-07,Wednesday,Golden State Warriors @ Portland Trail Blazers,Golden State Warriors,Portland Trail Blazers,https://a.espncdn.com/i/teamlogos/nba/500/GSW.png,https://a.espncdn.com/i/teamlogos/nba/500/POR.png,-2.0,2.0,-2.0,2.0,,,0.0,1.0,0-0,0-0,forecast_model,forecast,0.0,0.0,0.02,0.02,0.0,0.0,0.0,0.02,0.92,0.92,0.02,0.02,,,0.0,0.0,0.1,2.0,2.0,,,,,[],[],0.1,0.1,0.9063956551818755,0.9063956551818755,0.12553249431039726,12.553249431039726,Hard Skip,pre,False,401914129,0,0,,Wed 10PM ET,,League Pass,True
Thu 07:00 PM,Thu 7PM,2026-10-08 19:00:00-04:00,2026-10-08 23:00:00+00:00,2026-10-08,Thursday,Boston Celtics @ Cleveland Cavaliers,Boston Celtics,Cleveland Cavaliers,https://a.espncdn.com/i/teamlogos/nba/500/BOS.png,https://a.espncdn.com/i/teamlogos/nba/500/CLE.png,-2.0,2.0,-2.0,2.0,,,0.0,1.0,0-0,0-0,forecast_model,forecast,0.0,0.0,0.02,0.02,0.0,0.0,0.0,0.02,0.92,0.92,0.02,0.02,,,0.0,0.0,0.1,2.0,2.0,,,,,[],[],0.1,0.1,0.9063956551818755,0.9063956551818755,0.12553249431039726,12.553249431039726,Hard Skip,pre,False,401898392,0,0,,Thu 7PM ET,,League Pass,True
Thu 07:30 PM,Thu 7PM,2026-10-08 19:30:00-04:00,2026-10-08 23:30:00+00:00,2026-10-08,Thursday,New Orleans Pelicans @ Miami Heat,New Orleans Pelicans,Miami Heat,https://a.espncdn.com/i/teamlogos/nba/500/NO.png,https://a.espncdn.com/i/teamlogos/nba/500/MIA.png,-2.0,2.0,-2.0,2.0,,,0.0,1.0,0-0,0-0,forecast_model,forecast,0.0,0.0,0.02,0.02,0.0,0.0,0.0,0.02,0.92,0.92,0.02,0.02,,,0.0,0.0,0.1,2.0,2.0,,,,,[],[],0.1,0.1,0.9063956551818755,0.9063956551818755,0.12553249431039726,12.553249431039726,Hard Skip,pre,False,401898393,0,0,,Thu 7PM ET,,League Pass,True
Thu 07:30 PM,Thu 7PM,2026-10-08 19:30:00-04:00,2026-10-08 23:30:00+00:00,2026-10-08,Thursday,Philadelphia 76ers @ Brooklyn Nets,Philadelphia 76ers,Brooklyn Nets,https://a.espncdn.com/i/teamlogos/nba/500/PHI.png,https://a.espncdn.com/i/teamlogos/nba/500/BKN.png,-2.0,2.0,-2.0,2.0,,,0.0,1.0,0-0,0-0,forecast_model,forecast,0.0,0.0,0.02,0.02,0.0,0.0,0.0,0.02,0.92,0.92,0.02,0.02,,,0.0,0.0,0.1,2.0,2.0,,,,,[],[],0.1,0.1,0.9063956551818755,0.9063956551818755,0.12553249431039726,12.553249431039726,Hard Skip,pre,False,401901823,0,0,,Thu 7PM ET,,League Pass,True
Thu 07:30 PM,Thu 7PM,2026-10-08 19:30:00-04:00,2026-10-08 23:30:00+00:00,2026-10-08,Thursday,Washington Wizards @ New York Knicks,Washington Wizards,New York Knicks,https://a.espncdn.com/i/teamlogos/nba/500/WAS.png,https://a.espncdn.com/i/teamlogos/nba/500/NYK.png,-2.0,2.0,-2.0,2.0,,,0.0,1.0,0-0,0-0,forecast_model,forecast,0.0,0.0,0.02,0.02,0.0,0.0,0.0,0.02,0.92,0.92,0.02,0.02,,,0.0,0.0,0.1,2.0,2.0,,,,,[],[],0.1,0.1,0.9063956551818755,0.9063956551818755,0.12553249431039726,12.553249431039726,Hard Skip,pre,False,401906508,0,0,,Thu 7PM ET,,League Pass,True
Thu 08:00 PM,Thu 8PM,2026-10-08 20:00:00-04:00,2026-10-09 00:00:00+00:00,2026-10-08,Thursday,Atlanta Hawks @ San Antonio Spurs,Atlanta Hawks,San Antonio Spurs,https://a.espncdn.com/i/teamlogos/nba/500/ATL.png,https://a.espncdn.com/i/teamlogos/nba/500/SAS.png,-2.0,2.0,-2.0,2.0,,,0.0,1.0,0-0,0-0,forecast_model,forecast,0.0,0.0,0.02,0.02,0.0,0.0,0.0,0.02,0.92,0.92,0.02,0.02,,,0.0,0.0,0.1,2.0,2.0,,,,,[],[],0.1,0.1,0.9063956551818755,0.9063956551818755,0.12553249431039726,12.553249431039726,Hard Skip,pre,False,401898394,0,0,,Thu 8PM ET,,League Pass,True
Thu 10:30 PM,Thu 10PM,2026-10-08 22:30:00-04:00,2026-10-09 02:30:00+00:00,2026-10-08,Thursday,Sacramento Kings @ Los Angeles Lakers,Sacramento Kings,Los Angeles Lakers,https://a.espncdn.com/i/teamlogos/nba/500/SAC.png,https://a.espncdn.com/i/teamlogos/nba/500/LAL.png,-2.0,2.0,-2.0,2.0,,,0.0,1.0,0-0,0-0,forecast_model,forecast,0.0,0.0,0.02,0.02,0.0,0.0,0.0,0.02,0.92,0.92,0.02,0.02,,,0.0,0.0,0.1,2.0,2.0,,,,,[],[],0.1,0.1,0.9063956551818755,0.9063956551818755,0.12553249431039726,12.553249431039726,Hard Skip,pre,False,401898717,0,0,,Thu 10PM ET,,ESPN,True
Fri 08:00 AM,Fri 8AM,2026-10-09 08:00:00-04:00,2026-10-09 12:00:00+00:00,2026-10-09,Friday,Houston Rockets @ Dallas Mavericks,Houston Rockets,Dallas Mavericks,https://a.espncdn.com/i/teamlogos/nba/500/HOU.png,https://a.espncdn.com/i/teamlogos/nba/500/DAL.png,-2.0,2.0,-2.0,2.0,,,0.0,1.0,0-0,0-0,forecast_model,forecast,0.0,0.0,0.02,0.02,0.0,0.0,0.0,0.02,0.92,0.92,0.02,0.02,,,0.0,0.0,0.1,2.0,2.0,,,,,[],[],0.1,0.1,0.9063956551818755,0.9063956551818755,0.12553249431039726,12.553249431039726,Hard Skip,pre,False,401898395,0,0,,Fri 8AM ET,,League Pass,True
Fri 08:00 PM,Fri 8PM,2026-10-09 20:00:00-04:00,2026-10-10 00:00:00+00:00,2026-10-09,Friday,Memphis Grizzlies @ Chicago Bulls,Memphis Grizzlies,Chicago Bulls,https://a.espncdn.com/i/teamlogos/nba/500/MEM.png,https://a.espncdn.com/i/teamlogos/nba/500/CHI.png,-2.0,2.0,-2.0,2.0,,,0.0,1.0,0-0,0-0,forecast_model,forecast,0.0,0.0,0.02,0.02,0.0,0.0,0.0,0.02,0.92,0.92,0.02,0.02,,,0.0,0.0,0.1,2.0,2.0,,,,,[],[],0.1,0.1,0.9063956551818755,0.9063956551818755,0.12553249431039726,12.553249431039726,Hard Skip,pre,False,401908940,0,0,,Fri 8PM ET,,League Pass,True
